pdb,R,K,D,E,Q,N,H,S,T,Y,C,W,A,I,L,M,F,V,P,G
4iapA01,0,0,0,0,0,0,0,0,0,0,0,0,0,0,0,0,0,0,0,0
3ulbA01,0,0,0,0,0,0,0,0,0,0,0,0,0,0,0,0,0,0,0,0
3fssA02,1,0,0,0,0,0,0,0,0,0,0,0,0,0,0,0,0,0,0,0
3wyfE00,0,0,0,0,0,0,0,0,0,0,0,0,0,0,0,0,0,0,0,0
4ejnA01,0,0,1,0,0,0,0,0,0,0,0,0,0,0,0,0,0,0,0,1
1dynA00,1,0,0,1,0,0,0,0,0,1,0,0,1,0,0,0,0,2,1,1
1w1hD00,0,0,0,0,1,0,0,0,0,0,0,0,0,0,0,0,0,0,0,0
1plsA00,0,0,0,2,0,0,6,0,0,0,0,0,0,0,1,0,0,0,0,1
1dbhA02,1,0,0,0,0,0,0,1,1,1,0,0,0,0,1,0,0,0,0,0
ATG26,0,0,0,1,1,0,0,0,0,0,0,0,0,0,0,0,1,0,0,0
ATG26Ct,0,0,0,0,0,0,0,0,0,0,0,0,0,1,0,0,1,1,0,0
BEM2_2,1,1,0,0,0,0,0,1,0,0,0,0,0,0,0,0,0,0,0,0
BEM3,0,0,1,0,0,0,0,0,0,1,0,0,0,1,0,0,0,0,0,0
BEM3Ct,1,0,0,0,0,0,0,0,0,0,0,1,0,0,0,0,0,1,0,0
BOI2,0,1,0,0,0,0,0,0,2,0,0,0,0,0,0,0,0,0,0,0
BUD4,0,0,0,1,0,0,0,0,0,0,0,0,0,0,0,0,0,2,0,0
BUD4Ct,0,0,0,0,0,0,0,0,0,0,0,0,0,1,0,0,0,1,0,1
CAF120N,0,0,0,0,0,0,0,0,0,1,1,0,0,0,1,0,0,0,0,0
CAF120Ct_tandem,0,0,0,0,0,0,0,0,0,1,0,0,1,0,0,1,0,0,0,0
CLA4,0,1,0,0,0,0,0,0,0,0,1,0,1,0,0,0,1,0,1,0
CLA4Ct,1,3,4,4,2,2,0,0,3,3,3,1,3,3,1,0,0,2,3,3
NVJ2,0,1,0,0,0,1,0,1,0,0,0,0,1,1,0,0,0,0,0,0
OPY1C,0,1,0,0,0,1,0,1,0,0,0,0,0,2,1,0,1,0,0,1
OSH2,1,0,0,0,0,0,0,0,0,0,0,0,1,1,0,0,0,0,0,0
SIP3,0,2,0,1,0,0,0,0,1,0,0,0,1,0,0,0,0,0,0,0
SKG3N,0,0,0,0,0,0,0,1,0,0,0,0,0,0,1,0,1,0,0,0
SKM1,0,1,0,0,0,0,0,0,0,0,1,0,1,0,0,0,1,0,1,0
SLM2,0,0,0,0,0,0,0,2,0,0,0,0,0,0,1,0,0,0,0,0
SWH1,1,0,0,0,0,0,0,0,0,0,0,0,1,1,0,0,0,0,0,0
SWH1Ct,0,0,0,0,1,0,0,1,0,0,0,0,0,1,0,0,0,0,0,0
YSP1,1,1,0,0,0,0,1,0,0,0,0,0,0,0,0,0,0,0,0,0
YSP1Ct,0,1,0,0,0,1,0,0,0,0,0,0,1,0,0,0,0,0,0,0
